{
	"id": "a50fcf6b-1741-4f16-b7d5-9d4004fcd23f",
	"name": "Cloud Developer Tutorial",
	"values": [
		{
			"key": "base_url",
			"value": "https://na-1-dev.api.opentext.com",
			"enabled": true
		},
		{
			"key": "tenant_id",
			"value": "",
			"enabled": true
		},
		{
			"key": "username",
			"value": "",
			"enabled": true
		},
		{
			"key": "password",
			"value": "",
			"enabled": true
		},
		{
			"key": "client_id",
			"value": "",
			"enabled": true
		},
		{
			"key": "client_secret",
			"value": "",
			"enabled": true
		},
		{
			"key": "access_token",
			"value": "",
			"enabled": true
		}
	],
	"_postman_variable_scope": "environment",
	"_postman_exported_at": "2022-11-26T14:52:08.796Z",
	"_postman_exported_using": "Postman/10.5.2"
}